battery_power,blue,clock_speed,dual_sim,fc,four_g,int_memory,m_dep,mobile_wt,n_cores,pc,px_height,px_width,ram,sc_h,sc_w,talk_time,three_g,touch_screen,wifi,bias
-3.372668537555674639e+00,-8.784312910881283964e-02,1.141281062342984626e-01,7.719625061922159859e-02,-1.476893650518726064e-01,-9.150011857523798059e-03,-2.831866070637938937e-01,-6.946976746288230364e-02,2.912476570120914321e-01,5.310625830848239581e-02,5.973191817091822592e-02,-2.326530323917348042e+00,-2.030875409296834633e+00,-1.340944482710069074e+01,3.668454548987374469e-02,1.519423058959794640e-02,-7.511328931980046364e-02,-6.942094548012825439e-02,1.420821310397744064e-01,8.329634922942186215e-02,8.879348652133160158e+00
-7.233982774889594625e-01,5.753708848246619385e-03,-1.083968719429941052e-01,9.235183932605974325e-03,-5.584997434767916685e-02,9.629615118520100381e-02,-6.150947733693677005e-02,2.752491733303005228e-01,1.279003298850045212e-01,-4.121685487147696558e-01,4.423511798573149384e-02,-4.403297420194434708e-01,-6.098444435268584041e-01,-3.709638386289469292e+00,2.431596906534707822e-03,-2.221671573488736562e-01,1.772655023215629830e-02,6.394323774757976891e-03,4.472909069945441018e-02,8.325402822410292447e-02,3.824548907942155740e+00
8.000492399539707034e-01,1.131482097557266926e-02,-4.220901579012378835e-02,-1.078835542476152681e-01,1.280633123742025703e-01,-1.709002197656931954e-01,-1.684613593617054761e-01,-1.309042910605225374e-01,2.597570180125656214e-01,1.811034682839457455e-01,3.330844182161719902e-02,5.813703178927800419e-01,5.343383321246300000e-01,3.976215762503640949e+00,-2.084866367173298651e-01,1.373117788298016118e-01,-3.611226812204042930e-02,7.280745974774530116e-02,-1.583501102230492619e-01,-4.737672279695259725e-02,-1.576208265616391380e+00
3.296017575090655516e+00,7.077459928499332809e-02,3.647778149882067306e-02,2.145211969578569161e-02,7.547602702534848829e-02,8.375408043801438329e-02,5.131574437624353280e-01,-7.487511480689452992e-02,-6.789050049096636563e-01,1.779588221223399047e-01,-1.372754779782680290e-01,2.185489748044021852e+00,2.106381520699061038e+00,1.314286745088654129e+01,1.693704943209223268e-01,6.966114792947569745e-02,9.349900720968383483e-02,-9.780838042375554486e-03,-2.846111151617835774e-02,-1.191736546565717730e-01,-1.112768929445886990e+01
